"","source","volumn","destination"
"1","B01",4,"A01"
"2","B01",4,"A02"
"3","B01",4,"A03"
"4","B01",4,"A04"
"5","F01",4,"B01"
"6","F01",4,"B02"
"7","F01",4,"B03"
"8","F01",4,"B04"
"9","B02",4,"C01"
"10","B02",4,"C02"
"11","B02",4,"C03"
"12","B02",4,"C04"
"13","G02",4,"D01"
"14","G02",4,"D02"
"15","G02",4,"D03"
"16","G02",4,"D04"
"17","A03",4,"E01"
"18","A03",4,"E02"
"19","A03",4,"E03"
"20","A03",4,"E04"
"21","G03",4,"F01"
"22","G03",4,"F02"
"23","G03",4,"F03"
"24","G03",4,"F04"
"25","C04",4,"G01"
"26","C04",4,"G02"
"27","C04",4,"G03"
"28","C04",4,"G04"
"29","E04",4,"H01"
"30","E04",4,"H02"
"31","E04",4,"H03"
"32","E04",4,"H04"
"33","H04",4,"A05"
"34","H04",4,"A06"
"35","H04",4,"A07"
"36","H04",4,"A08"
"37","E06",4,"B05"
"38","E06",4,"B06"
"39","E06",4,"B07"
"40","E06",4,"B08"
"41","D07",4,"C05"
"42","D07",4,"C06"
"43","D07",4,"C07"
"44","D07",4,"C08"
"45","E07",4,"D05"
"46","E07",4,"D06"
"47","E07",4,"D07"
"48","E07",4,"D08"
"49","F07",4,"E05"
"50","F07",4,"E06"
"51","F07",4,"E07"
"52","F07",4,"E08"
"53","E08",4,"F05"
"54","E08",4,"F06"
"55","E08",4,"F07"
"56","E08",4,"F08"
"57","C09",4,"G05"
"58","C09",4,"G06"
"59","C09",4,"G07"
"60","C09",4,"G08"
"61","E09",4,"H05"
"62","E09",4,"H06"
"63","E09",4,"H07"
"64","E09",4,"H08"
"65","G09",4,"A09"
"66","G09",4,"A10"
"67","G09",4,"A11"
"68","G09",4,"A12"
"69","H09",4,"B09"
"70","H09",4,"B10"
"71","H09",4,"B11"
"72","H09",4,"B12"
"73","B10",4,"C09"
"74","B10",4,"C10"
"75","B10",4,"C11"
"76","B10",4,"C12"
"77","C10",4,"D09"
"78","C10",4,"D10"
"79","C10",4,"D11"
"80","C10",4,"D12"
"81","E10",4,"E09"
"82","E10",4,"E10"
"83","E10",4,"E11"
"84","E10",4,"E12"
"85","A11",4,"F09"
"86","A11",4,"F10"
"87","A11",4,"F11"
"88","A11",4,"F12"
"89","B11",4,"G09"
"90","B11",4,"G10"
"91","B11",4,"G11"
"92","B11",4,"G12"
